﻿Designator,Footprint,Quantity,Value,LCSC Part #
"C1, C10, C17, C9",0603,4,10u,C95839
"C11, C19, C6",0402,3,1u,
"C12, C13, C16, C20, C29, C3, C4, C5, C7, C8",0402,10,100n,
"C14, C15",0603,2,27p,C107045
"C18, C2",0603,2,22u, C59461 
C25,0603,1,100n, C478888 
D1,D_SOD-123F,1,D_Schottky,C50553
D2,LED_WS2812B-2020_PLCC4_2.0x2.0mm,1,WS2812B-2020,C965555
"D3, D4, D5",0603,3,LED,C434424
J1,USB_C_Receptacle_HCTL_HC-TYPE-C-16P-01A,1,USB_C_Receptacle_USB2.0, C2894897
J2,CONN-SMD_P2.00_S2B-PH-SM4-TB-LF-SN,1,Conn_01x02_Shielded,C295747
J3,J_sd_micro_socket_no_holes,1,Micro_SD_Card_Det1,C7529389
J5,GBA-LINK,1,GameBoy_LinkPort,
J6,JST_SH_SM03B-SRSS-TB_1x03-1MP_P1.00mm_Horizontal,1,Conn_01x03_MountingPin,C160403 
J7,OLED_SSD1306_128x32_0.91,1,Conn_01x04,
"L1, L2",L_Wurth_WE-LQSH-2010,2,0.47uH,C89446
Q1,SOT-23,1,DMG3415U,C96616
"Q2, Q3, Q4",SOT-23,3,BSS138,
"R1, R2",0402,2,5.1k,
"R10, R11, R12, R13, R14, R27, R28, R43, R44",0402,9,1k,C11702 
"R15, R17, R32, R39, R4, R9",0402,6,0,
"R19, R3",0402,2,10k,C103199 
"R20, R21, R22, R23, R24, R29, R30",0402,7,10k,
R26,0402,1,2.5k,
"R31, R40",0402,2,27.4,C274349
"R35, R5",0402,2,0,C95177
R37,0402,1,806k,
"R38, R8",0402,2,91k,C852952
"R41, R42",0402,2,100,C25076
R7,0402,1,511k,
SW2,SW-SMD_4P-L5.2-W5.2-P3.70-LS6.4,1,SW_MEC_5E,C2686853
SW3,SW-SMD_K3-1280S-L1,1,SW_SPDT_321,C223845
"SW5, SW6",SW_SKRPACE010,2,SW_MEC_5E,C139797 
U1,QFN-56-1EP_7x7mm_P0.4mm_EP3.2x3.2mm,1,RP2040,C2040
U2,Winbond_USON-8-1EP_3x2mm_P0.5mm_EP0.2x1.6mm,1,W25Q32JVSS,C2843335
U3,SOT-666,1,USBLC6-2P6,C2827693
"U4, U6",VREG_TPS63802DLAR,2,TPS63802DLAR,C2845237
U5,SOT-23-5,1,MCP73831-2-OT,
Y1,Crystal_SMD_3225-4Pin_3.2x2.5mm,1,12MHZ,C5182760 
